<xml xmlns="https://developers.google.com/blockly/xml">
  <block type="s4d_login" id="$+Q7dAqz.t2~vS7O[[kG" x="43" y="72">
    <value name="TOKEN">
      <shadow type="text" id="S9OlNV|MkpzB3h.3)*W(">
        <field name="TEXT">MTA4MzgxNjc4NTM1NjI2MzUzMg.Ggiprx.sr5HZXY0ukUFr34FucT0YUetzNIL2B-b2_0M5k</field>
      </shadow>
    </value>
  </block>
  <block type="s4d_on_connected" id="24#u?;vh0GuT]Tn]c?c@" x="47" y="198">
    <statement name="STATEMENTS">
      <block type="s4d_set_bot_game" id="0Ag.+cmVN;~0X7{4S-=X">
        <field name="OIFD">online</field>
        <field name="TYPE">WATCHING</field>
        <value name="GAME">
          <block type="jg_text_remake_paragraph_quotes" id=")wmsg5SNi#OtqcW/w*9b">
            <field name="TEXT">SELEM CHUI UN BOT</field>
          </block>
        </value>
      </block>
    </statement>
  </block>
</xml>